<featureType>
  <id>FeatureTypeInfoImpl-7d1930bf:15c0442369e:-7fb5</id>
  <name>ZDE e ZPI</name>
  <nativeName>zonas%20produtivas</nativeName>
  <namespace>
    <id>NamespaceInfoImpl-7d1930bf:15c0442369e:-7fd8</id>
  </namespace>
  <title>ZDE e ZPI</title>
  <keywords>
    <string>features</string>
    <string>zonas%20produtivas</string>
  </keywords>
  <nativeCRS class="projected">PROJCS[&quot;SAD69(96) / UTM zone 23S&quot;, 
  GEOGCS[&quot;SAD69(96)&quot;, 
    DATUM[&quot;South American Datum 1969(96)&quot;, 
      SPHEROID[&quot;GRS 1967 Modified&quot;, 6378160.0, 298.25, AUTHORITY[&quot;EPSG&quot;,&quot;7050&quot;]], 
      TOWGS84[-67.35, 3.88, -38.22, 0.0, 0.0, 0.0, 0.0], 
      AUTHORITY[&quot;EPSG&quot;,&quot;1075&quot;]], 
    PRIMEM[&quot;Greenwich&quot;, 0.0, AUTHORITY[&quot;EPSG&quot;,&quot;8901&quot;]], 
    UNIT[&quot;degree&quot;, 0.017453292519943295], 
    AXIS[&quot;Geodetic longitude&quot;, EAST], 
    AXIS[&quot;Geodetic latitude&quot;, NORTH], 
    AUTHORITY[&quot;EPSG&quot;,&quot;5527&quot;]], 
  PROJECTION[&quot;Transverse_Mercator&quot;, AUTHORITY[&quot;EPSG&quot;,&quot;9807&quot;]], 
  PARAMETER[&quot;central_meridian&quot;, -45.0], 
  PARAMETER[&quot;latitude_of_origin&quot;, 0.0], 
  PARAMETER[&quot;scale_factor&quot;, 0.9996], 
  PARAMETER[&quot;false_easting&quot;, 500000.0], 
  PARAMETER[&quot;false_northing&quot;, 10000000.0], 
  UNIT[&quot;m&quot;, 1.0], 
  AXIS[&quot;Easting&quot;, EAST], 
  AXIS[&quot;Northing&quot;, NORTH], 
  AUTHORITY[&quot;EPSG&quot;,&quot;5533&quot;]]</nativeCRS>
  <srs>EPSG:3857</srs>
  <nativeBoundingBox>
    <minx>313570.4100000004</minx>
    <maxx>357191.9190000006</maxx>
    <miny>7378468.667844629</miny>
    <maxy>7411148.251042502</maxy>
    <crs class="projected">EPSG:5533</crs>
  </nativeBoundingBox>
  <latLonBoundingBox>
    <minx>2.816850919506251</minx>
    <maxx>3.2087096020168264</maxx>
    <miny>55.085453904992754</miny>
    <maxy>55.25312470608199</maxy>
    <crs>EPSG:4326</crs>
  </latLonBoundingBox>
  <projectionPolicy>REPROJECT_TO_DECLARED</projectionPolicy>
  <enabled>true</enabled>
  <metadata>
    <entry key="cacheAgeMax">1200</entry>
    <entry key="cachingEnabled">true</entry>
  </metadata>
  <store class="dataStore">
    <id>DataStoreInfoImpl-7d1930bf:15c0442369e:-7fd2</id>
  </store>
  <maxFeatures>0</maxFeatures>
  <numDecimals>1</numDecimals>
  <overridingServiceSRS>false</overridingServiceSRS>
  <skipNumberMatched>false</skipNumberMatched>
  <circularArcPresent>false</circularArcPresent>
</featureType>