<featureType>
  <id>FeatureTypeInfoImpl-7d1930bf:15c0442369e:-7fb2</id>
  <name>Macrorregião</name>
  <nativeName>macrorregiao_SAD69_02</nativeName>
  <namespace>
    <id>NamespaceInfoImpl-7d1930bf:15c0442369e:-7fd8</id>
  </namespace>
  <title>Macrorregião</title>
  <keywords>
    <string>features</string>
    <string>macrorregiao_SAD69_02</string>
  </keywords>
  <nativeCRS class="projected">PROJCS[&quot;SAD69 / UTM zone 23S&quot;, 
  GEOGCS[&quot;SAD69&quot;, 
    DATUM[&quot;South American Datum 1969&quot;, 
      SPHEROID[&quot;GRS 1967 Modified&quot;, 6378160.0, 298.25, AUTHORITY[&quot;EPSG&quot;,&quot;7050&quot;]], 
      TOWGS84[-59.0, -11.0, -52.0, 0.0, 0.0, 0.0, 0.0], 
      AUTHORITY[&quot;EPSG&quot;,&quot;6618&quot;]], 
    PRIMEM[&quot;Greenwich&quot;, 0.0, AUTHORITY[&quot;EPSG&quot;,&quot;8901&quot;]], 
    UNIT[&quot;degree&quot;, 0.017453292519943295], 
    AXIS[&quot;Geodetic longitude&quot;, EAST], 
    AXIS[&quot;Geodetic latitude&quot;, NORTH], 
    AUTHORITY[&quot;EPSG&quot;,&quot;4618&quot;]], 
  PROJECTION[&quot;Transverse_Mercator&quot;, AUTHORITY[&quot;EPSG&quot;,&quot;9807&quot;]], 
  PARAMETER[&quot;central_meridian&quot;, -45.0], 
  PARAMETER[&quot;latitude_of_origin&quot;, 0.0], 
  PARAMETER[&quot;scale_factor&quot;, 0.9996], 
  PARAMETER[&quot;false_easting&quot;, 500000.0], 
  PARAMETER[&quot;false_northing&quot;, 10000000.0], 
  UNIT[&quot;m&quot;, 1.0], 
  AXIS[&quot;Easting&quot;, EAST], 
  AXIS[&quot;Northing&quot;, NORTH], 
  AUTHORITY[&quot;EPSG&quot;,&quot;29193&quot;]]</nativeCRS>
  <srs>EPSG:3857</srs>
  <nativeBoundingBox>
    <minx>313438.5371612435</minx>
    <maxx>360663.0426620069</maxx>
    <miny>7343792.766842626</miny>
    <maxy>7416202.021207035</maxy>
    <crs class="projected">EPSG:29193</crs>
  </nativeBoundingBox>
  <latLonBoundingBox>
    <minx>2.8156662856400967</minx>
    <maxx>3.239891236403318</maxx>
    <miny>54.906768514848636</miny>
    <maxy>55.2789914127309</maxy>
    <crs>EPSG:4326</crs>
  </latLonBoundingBox>
  <projectionPolicy>REPROJECT_TO_DECLARED</projectionPolicy>
  <enabled>true</enabled>
  <metadata>
    <entry key="cacheAgeMax">120</entry>
    <entry key="cachingEnabled">true</entry>
  </metadata>
  <store class="dataStore">
    <id>DataStoreInfoImpl-7d1930bf:15c0442369e:-7fd2</id>
  </store>
  <maxFeatures>0</maxFeatures>
  <numDecimals>1</numDecimals>
  <overridingServiceSRS>false</overridingServiceSRS>
  <skipNumberMatched>false</skipNumberMatched>
  <circularArcPresent>false</circularArcPresent>
</featureType>