{
   "targettable" : "queue",
   "targetschema" : "",
   "targetdatabase" : "demo",

   "fields":[
      {
         "name":"queue_id",
         "type":"Integer",
         "flength":"15",
         "precision":"0"
      },
      {
         "name":"filename",
         "type":"String",
         "flength":"255",
         "precision":"-1"
      },
      {
         "name":"filesize",
         "type":"Integer",
         "flength":"15",
         "precision":"0"
      },
      {
         "name":"file_modified_date",
         "type":"Date",
         "flength":"-1",
         "precision":"-1"
      },
      {
         "name":"queue_date",
         "type":"Date",
         "flength":"-1",
         "precision":"-1"
      },
      {
         "name":"queue_filename",
         "type":"String",
         "flength":"255",
         "precision":"-1"
      },
      {
         "name":"process_start_date",
         "type":"Date",
         "flength":"-1",
         "precision":"-1"
      },
      {
         "name":"process_filename",
         "type":"String",
         "flength":"255",
         "precision":"-1"
      },
      {
         "name":"process_end_date",
         "type":"Date",
         "flength":"-1",
         "precision":"-1"
      },
      {
         "name":"archive_date",
         "type":"Date",
         "flength":"-1",
         "precision":"-1"
      },
      {
         "name":"archive_filename",
         "type":"String",
         "flength":"255",
         "precision":"-1"
      },
      {
         "name":"status_description",
         "type":"String",
         "flength":"255",
         "precision":"-1"
      },
      {
         "name":"process_location",
         "type":"String",
         "flength":"255",
         "precision":"-1"
      },
      {
         "name":"records_processed",
         "type":"Integer",
         "flength":"15",
         "precision":"0"
      }
   ]
}
