<wmts>
  <id>WMTSInfoImpl-7d1930bf:15c0442369e:-7fd6</id>
  <workspace>
    <id>WorkspaceInfoImpl-7d1930bf:15c0442369e:-7fd9</id>
  </workspace>
  <enabled>true</enabled>
  <name>WMTS</name>
  <title>GeoServer Web Map Tile Service</title>
  <maintainer>http://geoserver.org/com</maintainer>
  <abstrct>A compliant implementation of WMTS service.</abstrct>
  <accessConstraints>NONE</accessConstraints>
  <fees>NONE</fees>
  <versions>
    <org.geotools.util.Version>
      <version>1.0.0</version>
    </org.geotools.util.Version>
  </versions>
  <citeCompliant>false</citeCompliant>
  <onlineResource>http://geoserver.org</onlineResource>
  <schemaBaseURL>http://schemas.opengis.net</schemaBaseURL>
  <verbose>false</verbose>
</wmts>