<dataStore>
  <id>DataStoreInfoImpl-7d1930bf:15c0442369e:-7fd2</id>
  <name>monitoramento_pde</name>
  <type>Directory of spatial files (shapefiles)</type>
  <enabled>true</enabled>
  <workspace>
    <id>WorkspaceInfoImpl-7d1930bf:15c0442369e:-7fd9</id>
  </workspace>
  <connectionParameters>
    <entry key="charset">ISO-8859-1</entry>
    <entry key="filetype">shapefile</entry>
    <entry key="create spatial index">true</entry>
    <entry key="memory mapped buffer">false</entry>
    <entry key="timezone">Brazil/East</entry>
    <entry key="enable spatial index">true</entry>
    <entry key="namespace">Monitoramento_PDE</entry>
    <entry key="cache and reuse memory maps">true</entry>
    <entry key="url">file:data/monitoramento_pde</entry>
    <entry key="fstype">shape</entry>
  </connectionParameters>
  <__default>false</__default>
</dataStore>