{
   "targettable" : "lastnames",
   "separator" : ",",
   "fields":[
      {
         "name":"name",
         "type":"String",
         "flength":"14",
         "precision":null,
         "format":null,
         "currency":"$",
         "decimal":".",
         "trimtype":"none",
         "group":","
      },
      {
         "name":"rank",
         "type":"Integer",
         "flength":"15",
         "precision":"0",
         "format":"#",
         "currency":"$",
         "decimal":".",
         "trimtype":"none",
         "group":","
      },
      {
         "name":"count",
         "type":"Integer",
         "flength":"15",
         "precision":"0",
         "format":"#",
         "currency":"$",
         "decimal":".",
         "trimtype":"none",
         "group":","
      },
      {
         "name":"prop100k",
         "type":"Number",
         "flength":"6",
         "precision":"2",
         "format":"#.#",
         "currency":"$",
         "decimal":".",
         "trimtype":"none",
         "group":","
      },
      {
         "name":"cum_prop100k",
         "type":"Number",
         "flength":"8",
         "precision":"2",
         "format":"#.#",
         "currency":"$",
         "decimal":".",
         "trimtype":"none",
         "group":","
      },
      {
         "name":"pctwhite",
         "type":"Number",
         "flength":"7",
         "precision":"2",
         "format":"#.#",
         "currency":"$",
         "decimal":".",
         "trimtype":"none",
         "group":","
      },
      {
         "name":"pctblack",
         "type":"Number",
         "flength":"7",
         "precision":"2",
         "format":"#.#",
         "currency":"$",
         "decimal":".",
         "trimtype":"none",
         "group":","
      },
      {
         "name":"pctapi",
         "type":"Number",
         "flength":"7",
         "precision":"2",
         "format":"#.#",
         "currency":"$",
         "decimal":".",
         "trimtype":"none",
         "group":","
      },
      {
         "name":"pctaian",
         "type":"Number",
         "flength":"7",
         "precision":"2",
         "format":"#.#",
         "currency":"$",
         "decimal":".",
         "trimtype":"none",
         "group":","
      },
      {
         "name":"pct2prace",
         "type":"Number",
         "flength":"7",
         "precision":"2",
         "format":"#.#",
         "currency":"$",
         "decimal":".",
         "trimtype":"none",
         "group":","
      },
      {
         "name":"pcthispanic",
         "type":"Number",
         "flength":"7",
         "precision":"2",
         "format":"#.#",
         "currency":"$",
         "decimal":".",
         "trimtype":"none",
         "group":","
      }
   ]
}
